{"Mean":{"confidence_interval":{"confidence_level":0.95,"lower_bound":5.346054034607767,"upper_bound":5.47251766862493},"point_estimate":5.405942599265413,"standard_error":0.03219234892355822},"Median":{"confidence_interval":{"confidence_level":0.95,"lower_bound":5.345138888888889,"upper_bound":5.449606906981906},"point_estimate":5.410156400616927,"standard_error":0.028715484385873454},"MedianAbsDev":{"confidence_interval":{"confidence_level":0.95,"lower_bound":0.13140472212946552,"upper_bound":0.27754088576092334},"point_estimate":0.21533013484777358,"standard_error":0.038650274309506745},"Slope":{"confidence_interval":{"confidence_level":0.95,"lower_bound":5.461762831920763,"upper_bound":5.564948264430475},"point_estimate":5.509735899709374,"standard_error":0.02642871157354555},"StdDev":{"confidence_interval":{"confidence_level":0.95,"lower_bound":0.2165849400869003,"upper_bound":0.42410656521806483},"point_estimate":0.32400611425945314,"standard_error":0.053437445842330136}}