{"Mean":{"confidence_interval":{"confidence_level":0.95,"lower_bound":1983460.924343507,"upper_bound":2037941.8161399525},"point_estimate":2011574.788683428,"standard_error":13927.99445335715},"Median":{"confidence_interval":{"confidence_level":0.95,"lower_bound":2092067.761904762,"upper_bound":2098799.6119402987},"point_estimate":2095840.3319838056,"standard_error":1838.2843934548325},"MedianAbsDev":{"confidence_interval":{"confidence_level":0.95,"lower_bound":9198.549666322455,"upper_bound":20246.520199051825},"point_estimate":12952.124988888969,"standard_error":2851.6102701012837},"Slope":{"confidence_interval":{"confidence_level":0.95,"lower_bound":2088274.7637460998,"upper_bound":2096601.2441328804},"point_estimate":2093029.979624649,"standard_error":2120.708314962653},"StdDev":{"confidence_interval":{"confidence_level":0.95,"lower_bound":120294.55369601134,"upper_bound":155505.04256133907},"point_estimate":140177.42608538544,"standard_error":9014.164678181927}}