{"Mean":{"confidence_interval":{"confidence_level":0.95,"lower_bound":412.69075071052947,"upper_bound":414.22526167102154},"point_estimate":413.42718068495174,"standard_error":0.39322719101220327},"Median":{"confidence_interval":{"confidence_level":0.95,"lower_bound":411.1210399879886,"upper_bound":413.191460882462},"point_estimate":412.268274066092,"standard_error":0.5723267555939867},"MedianAbsDev":{"confidence_interval":{"confidence_level":0.95,"lower_bound":1.5976997985061012,"upper_bound":4.156060243888337},"point_estimate":2.980940226760372,"standard_error":0.6910666775646918},"Slope":{"confidence_interval":{"confidence_level":0.95,"lower_bound":412.4830895059685,"upper_bound":414.64345825166134},"point_estimate":413.46699444056605,"standard_error":0.5539354090678265},"StdDev":{"confidence_interval":{"confidence_level":0.95,"lower_bound":3.02592918836146,"upper_bound":4.890015364666848},"point_estimate":3.946652416447651,"standard_error":0.4837819637711242}}